<?xml version="1.0" encoding="UTF-8"?>
<project-private xmlns="http://www.netbeans.org/ns/project-private/1">
    <editor-bookmarks xmlns="http://www.netbeans.org/ns/editor-bookmarks/2" lastBookmarkId="0"/>
    <open-files xmlns="http://www.netbeans.org/ns/projectui-open-files/2">
        <group>
            <file>file:/C:/Users/dmariquele/Desktop/Trabalho%20Semestral/Codigo%20Fonte/MiniPascal/src/ErrorManager/Error.java</file>
            <file>file:/C:/Users/dmariquele/Desktop/Trabalho%20Semestral/Codigo%20Fonte/MiniPascal/src/ErrorManager/ErrorLexico.java</file>
            <file>file:/C:/Users/dmariquele/Desktop/Trabalho%20Semestral/Codigo%20Fonte/MiniPascal/src/Base/Pattern.java</file>
            <file>file:/C:/Users/dmariquele/Desktop/Trabalho%20Semestral/Codigo%20Fonte/MiniPascal/src/Base/Token.java</file>
            <file>file:/C:/Users/dmariquele/Desktop/Trabalho%20Semestral/Codigo%20Fonte/MiniPascal/src/Views/Compilador.java</file>
            <file>file:/C:/Users/dmariquele/Desktop/Trabalho%20Semestral/Codigo%20Fonte/MiniPascal/src/Base/Gerador.java</file>
            <file>file:/C:/Users/dmariquele/Desktop/Trabalho%20Semestral/Codigo%20Fonte/MiniPascal/src/MainTeste/Main.java</file>
            <file>file:/C:/Users/dmariquele/Desktop/Trabalho%20Semestral/Codigo%20Fonte/MiniPascal/src/Base/Simbolos.java</file>
        </group>
    </open-files>
</project-private>
